"","year","state","population","urban","sex_ratio"
"1",2011,"india",1210855000,31.14,1076.42624701976
"2",2011,"himachal_pradesh",6865000,10.04,1173.50157728707
"3",2011,"punjab",27743000,37.48,1142.79826911189
"4",2011,"haryana",25351000,34.88,1145.59572919194
"5",2011,"nct_of_delhi",16788000,97.5,1152.11674993426
"6",2011,"rajasthan",68548000,24.87,1094.09163493428
"7",2011,"uttar_pradesh",199812000,22.27,1118.6077516427
"8",2011,"bihar",104099000,11.29,1117.4140104448
"9",2011,"assam",31206000,14.1,1057.53040224509
"10",2011,"west_bengal",91276000,31.87,1059.38982091031
"11",2011,"jharkhand",32988000,24.05,1098.67724867725
"12",2011,"odisha",41974000,16.69,1072.8026043208
"13",2011,"chhattisgarh",25545000,23.24,1045.83046175052
"14",2011,"madhya_pradesh",72627000,27.63,1089.43258719417
"15",2011,"gujarat",60440000,42.6,1136.33723342461
"16",2011,"maharashtra",112374000,45.22,1107.40648585884
"17",2011,"andhra_pradesh",49577000,29.47,1013.22860686234
"18",2011,"karnataka",61095000,38.67,1038.48144952545
"19",2011,"kerala",33406000,47.7,916.646620158768
"20",2011,"tamil_nadu",72147000,48.4,1000
"21",2011,"chandigarh",1055000,97.21,1215.98272138229
"22",2011,"uttarakhand",10086000,30.23,1130.67784765898
"23",2011,"sikkim",611000,25.22,1109.58904109589
"24",2011,"arunachal_pradesh",1384000,22.91,1127.51677852349
"25",2011,"nagaland",1979000,28.86,1099.26470588235
"26",2011,"manipur",2856000,29.2,976.303317535545
"27",2011,"mizoram",1097000,52.13,1000
"28",2011,"tripura",3674000,26.16,1027.42616033755
"29",2011,"meghalaya",2967000,20.05,996.644295302013
"30",2011,"daman_&_diu",243000,75.23,1614.28571428571
"31",2011,"dadra_&_nagar_haveli",344000,46.84,1476.92307692308
"32",2011,"goa",1459000,62.19,1047.40406320542
"33",2011,"lakshadweep",64000,77.55,1083.33333333333
"34",2011,"puducherry",1248000,68.35,960.919540229885
"35",2011,"andaman_&_nicobar_islands",381000,NA,1134.32835820896
"36",2012,"india",1226731000,31.49,1076.42558773406
"37",2012,"himachal_pradesh",6923000,10.05,1175
"38",2012,"punjab",28023000,37.85,1143.05920387957
"39",2012,"haryana",25772000,35.5,1145.40337711069
"40",2012,"nct_of_delhi",17166000,97.76,1151.96204154912
"41",2012,"rajasthan",69687000,25.02,1094.16286331972
"42",2012,"uttar_pradesh",203067000,22.42,1118.57229280097
"43",2012,"bihar",106115000,11.38,1117.48202700333
"44",2012,"assam",31598000,14.22,1057.23443223443
"45",2012,"west_bengal",92037000,32.28,1059.26798835436
"46",2012,"jharkhand",33551000,24.23,1099.14794732765
"47",2012,"odisha",42205000,16.86,1073.11389455287
"48",2012,"chhattisgarh",25950000,23.57,1045.81939799331
"49",2012,"madhya_pradesh",73863000,27.75,1089.28753440016
"50",2012,"gujarat",61383000,43.13,1136.38931482528
"51",2012,"maharashtra",113645000,45.5,1107.38446491157
"52",2012,"andhra_pradesh",49936000,30.04,1013.28859060403
"53",2012,"karnataka",61722000,39.15,1038.46802766998
"54",2012,"kerala",33641000,50.09,916.619269707655
"55",2012,"tamil_nadu",72645000,48.83,1000
"56",2012,"chandigarh",1072000,97.61,1216.10169491525
"57",2012,"uttarakhand",10220000,30.7,1131.79347826087
"58",2012,"sikkim",617000,27.06,1087.5
"59",2012,"arunachal_pradesh",1399000,23.16,1117.64705882353
"60",2012,"nagaland",2e+06,30.2,1104.52961672474
"61",2012,"manipur",2887000,29.48,974.477958236659
"62",2012,"mizoram",1109000,52.38,1003.44827586207
"63",2012,"tripura",3714000,27.22,1026.05210420842
"64",2012,"meghalaya",2999000,20.1,996.688741721854
"65",2012,"daman_&_diu",260000,77.94,1671.05263157895
"66",2012,"dadra_&_nagar_haveli",365000,49.26,1465.75342465753
"67",2012,"goa",1469000,63.37,1046.15384615385
"68",2012,"lakshadweep",65000,80.15,1080
"69",2012,"puducherry",1279000,68.5,959.731543624161
"70",2012,"andaman_&_nicobar_islands",383000,NA,1147.05882352941
"71",2013,"india",1242607000,31.83,1076.42750255966
"72",2013,"himachal_pradesh",6982000,10.08,1172.83950617284
"73",2013,"punjab",28302000,38.21,1142.65900534971
"74",2013,"haryana",26193000,36.11,1145.38444091631
"75",2013,"nct_of_delhi",17544000,97.99,1152.1031547321
"76",2013,"rajasthan",70825000,25.17,1093.97392223658
"77",2013,"uttar_pradesh",206322000,22.57,1118.61322171163
"78",2013,"bihar",108130000,11.46,1117.33561058924
"79",2013,"assam",31991000,14.34,1057.39910313901
"80",2013,"west_bengal",92797000,32.68,1059.34677802675
"81",2013,"jharkhand",34113000,24.41,1098.79032258065
"82",2013,"odisha",42436000,17.04,1073.10779816514
"83",2013,"chhattisgarh",26356000,23.9,1045.79408898993
"84",2013,"madhya_pradesh",75099000,27.87,1089.34810821603
"85",2013,"gujarat",62327000,43.65,1136.39575971731
"86",2013,"maharashtra",114915000,45.78,1107.43470597661
"87",2013,"andhra_pradesh",50295000,30.61,1013.20952131834
"88",2013,"karnataka",62349000,39.63,1038.44567279927
"89",2013,"kerala",33875000,52.47,916.540866939832
"90",2013,"tamil_nadu",73142000,49.27,1000
"91",2013,"chandigarh",1088000,98,1216.21621621622
"92",2013,"uttarakhand",10354000,31.19,1131.35313531353
"93",2013,"sikkim",624000,28.85,1093.02325581395
"94",2013,"arunachal_pradesh",1414000,23.41,1121.79487179487
"95",2013,"nagaland",2022000,31.61,1101.97368421053
"96",2013,"manipur",2918000,29.75,972.727272727273
"97",2013,"mizoram",1121000,52.62,1000
"98",2013,"tripura",3754000,28.26,1028.68068833652
"99",2013,"meghalaya",3032000,20.15,996.732026143791
"100",2013,"daman_&_diu",278000,80.68,1765.43209876543
"101",2013,"dadra_&_nagar_haveli",387000,51.66,1469.13580246914
"102",2013,"goa",1480000,64.53,1044.96788008565
"103",2013,"lakshadweep",65000,82.72,1076.92307692308
"104",2013,"puducherry",1310000,68.65,958.605664488017
"105",2013,"andaman_&_nicobar_islands",385000,NA,1159.42028985507
"106",2014,"india",1258483000,32.16,1076.42155479751
"107",2014,"himachal_pradesh",7041000,10.1,1174.3119266055
"108",2014,"punjab",28581000,38.57,1142.66277939747
"109",2014,"haryana",26614000,36.72,1145.55433589462
"110",2014,"nct_of_delhi",17921000,98.21,1151.97456901822
"111",2014,"rajasthan",71963000,25.32,1094.13793103448
"112",2014,"uttar_pradesh",209577000,22.72,1118.53697606123
"113",2014,"bihar",110145000,11.55,1117.17709720373
"114",2014,"assam",32383000,14.46,1057.09266578832
"115",2014,"west_bengal",93558000,33.09,1059.34007450772
"116",2014,"jharkhand",34675000,24.59,1098.9416687177
"117",2014,"odisha",42667000,17.22,1073.08126410835
"118",2014,"chhattisgarh",26761000,24.23,1045.75575891448
"119",2014,"madhya_pradesh",76334000,27.98,1089.39749608764
"120",2014,"gujarat",63271000,44.17,1136.28372697394
"121",2014,"maharashtra",116186000,46.06,1107.38757186737
"122",2014,"andhra_pradesh",50654000,31.18,1013.12938177183
"123",2014,"karnataka",62975000,40.11,1038.49878934625
"124",2014,"kerala",34109000,54.85,916.513009629174
"125",2014,"tamil_nadu",73640000,49.71,1000
"126",2014,"chandigarh",1104000,98.29,1214.28571428571
"127",2014,"uttarakhand",10487000,31.66,1130.93709884467
"128",2014,"sikkim",631000,30.77,1086.02150537634
"129",2014,"arunachal_pradesh",1429000,23.58,1119.49685534591
"130",2014,"nagaland",2043000,32.99,1099.68847352025
"131",2014,"manipur",2949000,30.01,975.446428571429
"132",2014,"mizoram",1133000,52.86,1003.34448160535
"133",2014,"tripura",3794000,29.33,1027.32240437158
"134",2014,"meghalaya",3064000,20.2,996.774193548387
"135",2014,"daman_&_diu",295000,83.09,1816.09195402299
"136",2014,"dadra_&_nagar_haveli",409000,54.05,1455.55555555556
"137",2014,"goa",1491000,65.75,1045.92901878914
"138",2014,"lakshadweep",66000,85.25,1074.07407407407
"139",2014,"puducherry",1340000,68.86,959.660297239915
"140",2014,"andaman_&_nicobar_islands",387000,NA,1140.84507042254
"141",2015,"india",1274359000,32.5,1076.42871465811
"142",2015,"himachal_pradesh",7100000,10.13,1172.20543806647
"143",2015,"punjab",28861000,38.93,1143.04787335495
"144",2015,"haryana",27034000,37.33,1145.40816326531
"145",2015,"nct_of_delhi",18299000,98.41,1152.12715105163
"146",2015,"rajasthan",73102000,25.46,1094.16132298346
"147",2015,"uttar_pradesh",212832000,22.87,1118.53560856695
"148",2015,"bihar",112161000,11.63,1117.16975008114
"149",2015,"assam",32776000,14.59,1057.22891566265
"150",2015,"west_bengal",94318000,33.49,1059.32203389831
"151",2015,"jharkhand",35238000,24.77,1099.06227458524
"152",2015,"odisha",42897000,17.4,1072.7575673424
"153",2015,"chhattisgarh",27166000,24.55,1046.33323105247
"154",2015,"madhya_pradesh",77570000,28.1,1089.23607782996
"155",2015,"gujarat",64214000,44.69,1136.29596546077
"156",2015,"maharashtra",117456000,46.34,1107.41113606443
"157",2015,"andhra_pradesh",51012000,31.75,1013.17424807358
"158",2015,"karnataka",63602000,40.59,1038.45850114507
"159",2015,"kerala",34344000,57.22,916.617905207724
"160",2015,"tamil_nadu",74137000,50.15,1000
"161",2015,"chandigarh",1120000,98.56,1216.86746987952
"162",2015,"uttarakhand",10621000,32.13,1131.7926296065
"163",2015,"sikkim",637000,32.8,1090
"164",2015,"arunachal_pradesh",1444000,23.82,1123.45679012346
"165",2015,"nagaland",2065000,34.38,1100.59171597633
"166",2015,"manipur",2980000,30.3,975.929978118162
"167",2015,"mizoram",1145000,53.1,1000
"168",2015,"tripura",3834000,30.41,1027.82608695652
"169",2015,"meghalaya",3096000,20.25,996.815286624204
"170",2015,"daman_&_diu",312000,85.24,1860.21505376344
"171",2015,"dadra_&_nagar_haveli",431000,56.2,1469.38775510204
"172",2015,"goa",1501000,66.88,1044.80651731161
"173",2015,"lakshadweep",66000,87.75,1071.42857142857
"174",2015,"puducherry",1371000,68.99,958.592132505176
"175",2015,"andaman_&_nicobar_islands",390000,NA,1152.77777777778
"176",2016,"india",1290235000,32.84,1076.42812688363
"177",2016,"himachal_pradesh",7158000,10.14,1173.65269461078
"178",2016,"punjab",29140000,39.29,1142.99082912222
"179",2016,"haryana",27455000,37.93,1145.65306963329
"180",2016,"nct_of_delhi",18677000,98.61,1152.02150035055
"181",2016,"rajasthan",74240000,25.61,1094.17336711092
"182",2016,"uttar_pradesh",216087000,23.01,1118.56175179994
"183",2016,"bihar",114176000,11.71,1117.30251701757
"184",2016,"assam",33168000,14.71,1056.91399662732
"185",2016,"west_bengal",95079000,33.9,1059.28954766164
"186",2016,"jharkhand",35800000,24.95,1098.91917293233
"187",2016,"odisha",43128000,17.58,1072.71733187534
"188",2016,"chhattisgarh",27571000,24.87,1045.94272076372
"189",2016,"madhya_pradesh",78806000,28.21,1089.26893441083
"190",2016,"gujarat",65158000,45.21,1136.42297650131
"191",2016,"maharashtra",118727000,46.61,1107.38357259815
"192",2016,"andhra_pradesh",51371000,32.33,1013.21212121212
"193",2016,"karnataka",64229000,41.06,1038.41397433916
"194",2016,"kerala",34578000,59.58,916.64340868918
"195",2016,"tamil_nadu",74635000,50.59,1000
"196",2016,"chandigarh",1136000,98.83,1214.99013806706
"197",2016,"uttarakhand",10755000,32.6,1131.30699088146
"198",2016,"sikkim",644000,34.79,1093.45794392523
"199",2016,"arunachal_pradesh",1459000,24.05,1127.27272727273
"200",2016,"nagaland",2086000,35.8,1104.22535211268
"201",2016,"manipur",3012000,30.55,974.248927038627
"202",2016,"mizoram",1157000,53.32,1003.24675324675
"203",2016,"tripura",3874000,31.49,1026.5780730897
"204",2016,"meghalaya",3129000,20.33,1000
"205",2016,"daman_&_diu",329000,87.17,1928.57142857143
"206",2016,"dadra_&_nagar_haveli",452000,58.37,1467.28971962617
"207",2016,"goa",1512000,68.06,1045.72564612326
"208",2016,"lakshadweep",67000,90.22,1068.96551724138
"209",2016,"puducherry",1402000,69.19,959.59595959596
"210",2016,"andaman_&_nicobar_islands",392000,NA,1135.13513513513
"211",2017,"india",1304457000,33.18,1076.42520606834
"212",2017,"himachal_pradesh",7206000,10.17,1175.07418397626
"213",2017,"punjab",29380000,39.65,1142.7257678867
"214",2017,"haryana",27861000,38.54,1145.68345323741
"215",2017,"nct_of_delhi",19056000,98.78,1152.0521321596
"216",2017,"rajasthan",75248000,25.75,1094.00324149109
"217",2017,"uttar_pradesh",219051000,23.16,1118.55842311868
"218",2017,"bihar",115957000,11.8,1117.33746130031
"219",2017,"assam",33543000,14.83,1057.48552522746
"220",2017,"west_bengal",95688000,34.31,1059.27738050433
"221",2017,"jharkhand",36334000,25.13,1099.08045977011
"222",2017,"odisha",43309000,17.76,1073.02613850714
"223",2017,"chhattisgarh",27956000,25.2,1045.8902120244
"224",2017,"madhya_pradesh",79948000,28.33,1089.39939108774
"225",2017,"gujarat",66084000,45.72,1136.32185533479
"226",2017,"maharashtra",119869000,46.89,1107.424071991
"227",2017,"andhra_pradesh",51655000,32.91,1013.14387211368
"228",2017,"karnataka",64752000,41.54,1038.4236453202
"229",2017,"kerala",34761000,61.92,916.651825467498
"230",2017,"tamil_nadu",74989000,51.03,1000
"231",2017,"chandigarh",1151000,99.09,1217.89883268482
"232",2017,"uttarakhand",10884000,33.08,1131.43872113677
"233",2017,"sikkim",650000,36.74,1096.49122807018
"234",2017,"arunachal_pradesh",1474000,24.29,1118.34319526627
"235",2017,"nagaland",2108000,37.2,1101.87667560322
"236",2017,"manipur",3042000,30.83,974.736842105263
"237",2017,"mizoram",1169000,53.56,1000
"238",2017,"tripura",3914000,32.58,1027.02702702703
"239",2017,"meghalaya",3161000,20.38,1000
"240",2017,"daman_&_diu",357000,89.02,2028.57142857143
"241",2017,"dadra_&_nagar_haveli",483000,60.4,1474.57627118644
"242",2017,"goa",1521000,69.15,1046.69260700389
"243",2017,"lakshadweep",67000,91.26,1033.33333333333
"244",2017,"puducherry",1436000,69.3,958.661417322835
"245",2017,"andaman_&_nicobar_islands",394000,NA,1146.66666666667
"246",2018,"india",1318678000,33.51,1076.42575904226
"247",2018,"himachal_pradesh",7253000,10.19,1173.52941176471
"248",2018,"punjab",29619000,40.01,1142.83131440969
"249",2018,"haryana",28266000,39.14,1145.65554693561
"250",2018,"nct_of_delhi",19435000,98.94,1152.09848908786
"251",2018,"rajasthan",76256000,25.9,1094.15756547556
"252",2018,"uttar_pradesh",222015000,23.31,1118.57675142284
"253",2018,"bihar",117739000,11.88,1117.33535200606
"254",2018,"assam",33918000,14.95,1056.77210056772
"255",2018,"west_bengal",96297000,34.72,1059.38154490575
"256",2018,"jharkhand",36869000,25.31,1098.98762654668
"257",2018,"odisha",43490000,17.95,1073.0411686587
"258",2018,"chhattisgarh",28340000,25.52,1045.82743988685
"259",2018,"madhya_pradesh",81090000,28.44,1089.23718064867
"260",2018,"gujarat",67010000,46.23,1136.41379310345
"261",2018,"maharashtra",121011000,47.16,1107.41451886862
"262",2018,"andhra_pradesh",51938000,33.5,1013.07567692664
"263",2018,"karnataka",65275000,42.02,1038.35005574136
"264",2018,"kerala",34943000,64.24,916.581284153005
"265",2018,"tamil_nadu",75342000,51.47,1000
"266",2018,"chandigarh",1165000,99.24,1214.55938697318
"267",2018,"uttarakhand",11013000,33.54,1131.56376226197
"268",2018,"sikkim",657000,38.81,1090.16393442623
"269",2018,"arunachal_pradesh",1489000,24.52,1122.09302325581
"270",2018,"nagaland",2129000,38.66,1099.48979591837
"271",2018,"manipur",3073000,31.08,973.140495867769
"272",2018,"mizoram",1181000,53.79,1003.15457413249
"273",2018,"tripura",3953000,33.67,1028.96341463415
"274",2018,"meghalaya",3192000,20.42,1000
"275",2018,"daman_&_diu",385000,90.34,2107.14285714286
"276",2018,"dadra_&_nagar_haveli",515000,62.18,1461.53846153846
"277",2018,"goa",1531000,70.3,1045.62737642586
"278",2018,"lakshadweep",67000,93.78,1032.25806451613
"279",2018,"puducherry",1470000,69.47,959.692898272553
"280",2018,"andaman_&_nicobar_islands",395000,NA,1157.89473684211
"281",2019,"india",1332900000,33.85,1076.42497181122
"282",2019,"himachal_pradesh",7300000,10.22,1174.92711370262
"283",2019,"punjab",29859000,40.38,1142.90792747956
"284",2019,"haryana",28672000,39.73,1145.38606403013
"285",2019,"nct_of_delhi",19814000,99.09,1152.1429354379
"286",2019,"rajasthan",77264000,26.04,1094.1825372047
"287",2019,"uttar_pradesh",224979000,23.45,1118.58009075212
"288",2019,"bihar",119520000,11.96,1117.16782698859
"289",2019,"assam",34293000,15.07,1056.90409868683
"290",2019,"west_bengal",96906000,35.13,1059.28256003872
"291",2019,"jharkhand",37403000,25.48,1098.87689936137
"292",2019,"odisha",43671000,18.13,1072.77486910995
"293",2019,"chhattisgarh",28724000,25.84,1045.7552370452
"294",2019,"madhya_pradesh",82232000,28.55,1089.34769066477
"295",2019,"gujarat",67936000,46.74,1136.32081819405
"296",2019,"maharashtra",122153000,47.44,1107.39353384006
"297",2019,"andhra_pradesh",52221000,34.08,1013.23379708178
"298",2019,"karnataka",65798000,42.49,1038.49518810149
"299",2019,"kerala",35125000,66.53,916.591486918724
"300",2019,"tamil_nadu",75695000,51.91,1000
"301",2019,"chandigarh",1179000,99.48,1217.39130434783
"302",2019,"uttarakhand",11141000,34.02,1131.60854893138
"303",2019,"sikkim",664000,40.84,1100.77519379845
"304",2019,"arunachal_pradesh",1504000,24.74,1125.71428571429
"305",2019,"nagaland",2150000,40.05,1100
"306",2019,"manipur",3103000,31.35,973.630831643002
"307",2019,"mizoram",1192000,54.1,1003.10559006211
"308",2019,"tripura",3992000,34.77,1026.27737226277
"309",2019,"meghalaya",3224000,20.47,1000
"310",2019,"daman_&_diu",413000,91.72,2211.86440677966
"311",2019,"dadra_&_nagar_haveli",546000,63.94,1457.74647887324
"312",2019,"goa",1540000,71.43,1044.60966542751
"313",2019,"lakshadweep",68000,94.79,1064.51612903226
"314",2019,"puducherry",1504000,69.63,960.674157303371
"315",2019,"andaman_&_nicobar_islands",397000,NA,1141.02564102564
"316",2020,"india",1347121000,34.18,1076.42292552496
"317",2020,"himachal_pradesh",7347000,10.24,1173.41040462428
"318",2020,"punjab",30099000,40.74,1142.95700803915
"319",2020,"haryana",29077000,40.33,1145.65416285453
"320",2020,"nct_of_delhi",20193000,99.23,1151.9707872409
"321",2020,"rajasthan",78273000,26.19,1094.09480997139
"322",2020,"uttar_pradesh",227943000,23.59,1118.60868195068
"323",2020,"bihar",121302000,12.04,1117.44236624619
"324",2020,"assam",34668000,15.2,1057.00898086685
"325",2020,"west_bengal",97516000,35.54,1059.36181591301
"326",2020,"jharkhand",37937000,25.66,1098.74946097456
"327",2020,"odisha",43852000,18.32,1073.03225806452
"328",2020,"chhattisgarh",29109000,26.16,1045.9430413756
"329",2020,"madhya_pradesh",83374000,28.66,1089.26385731771
"330",2020,"gujarat",68862000,47.24,1136.41140154998
"331",2020,"maharashtra",123295000,47.71,1107.40130400516
"332",2020,"andhra_pradesh",52504000,34.68,1013.26993254451
"333",2020,"karnataka",66322000,42.97,1038.48079536514
"334",2020,"kerala",35307000,68.79,916.587752525253
"335",2020,"tamil_nadu",76049000,52.35,1000
"336",2020,"chandigarh",1193000,99.63,1218.28358208955
"337",2020,"uttarakhand",11270000,34.49,1131.03070175439
"338",2020,"sikkim",670000,42.83,1094.89051094891
"339",2020,"arunachal_pradesh",1519000,24.96,1129.21348314607
"340",2020,"nagaland",2171000,41.5,1100.2331002331
"341",2020,"manipur",3134000,31.62,974.103585657371
"342",2020,"mizoram",1204000,54.31,1000
"343",2020,"tripura",4032000,35.86,1028.05049088359
"344",2020,"meghalaya",3256000,20.52,1000
"345",2020,"daman_&_diu",441000,92.93,2280
"346",2020,"dadra_&_nagar_haveli",577000,65.51,1470.58823529412
"347",2020,"goa",1549000,72.54,1047.35883424408
"348",2020,"lakshadweep",68000,95.79,1031.25
"349",2020,"puducherry",1537000,69.79,958.029197080292
"350",2020,"andaman_&_nicobar_islands",399000,NA,1139.24050632911
"351",2021,"india",1361343000,34.52,1076.4288712635
"352",2021,"himachal_pradesh",7394000,10.27,1174.78510028653
"353",2021,"punjab",30339000,41.1,1142.80804261901
"354",2021,"haryana",29483000,40.92,1145.47394629201
"355",2021,"nct_of_delhi",20571000,99.35,1152.04801516268
"356",2021,"rajasthan",79281000,26.33,1094.10112359551
"357",2021,"uttar_pradesh",230907000,23.74,1118.53598206694
"358",2021,"bihar",123083000,12.12,1117.38821859475
"359",2021,"assam",35043000,15.32,1056.70498084291
"360",2021,"west_bengal",98125000,35.95,1059.30422600981
"361",2021,"jharkhand",38471000,25.83,1098.83843717001
"362",2021,"odisha",44033000,18.5,1072.75502416688
"363",2021,"chhattisgarh",29493000,26.48,1046.10951008646
"364",2021,"madhya_pradesh",84516000,28.77,1089.35475556319
"365",2021,"gujarat",69788000,47.74,1136.39861485187
"366",2021,"maharashtra",124437000,47.98,1107.43655807715
"367",2021,"andhra_pradesh",52787000,35.27,1013.19204152249
"368",2021,"karnataka",66845000,43.45,1038.46153846154
"369",2021,"kerala",35489000,71.01,916.64131426833
"370",2021,"tamil_nadu",76402000,52.79,1000
"371",2021,"chandigarh",1208000,99.7,1217.31123388582
"372",2021,"uttarakhand",11399000,34.96,1131.01604278075
"373",2021,"sikkim",677000,44.93,1096.55172413793
"374",2021,"arunachal_pradesh",1533000,25.17,1120.87912087912
"375",2021,"nagaland",2192000,42.92,1100.44642857143
"376",2021,"manipur",3165000,31.88,974.559686888454
"377",2021,"mizoram",1216000,54.53,1003.02114803625
"378",2021,"tripura",4071000,36.97,1028.30188679245
"379",2021,"meghalaya",3288000,20.56,1000
"380",2021,"daman_&_diu",469000,94,2366.41221374046
"381",2021,"dadra_&_nagar_haveli",608000,67.09,1472.72727272727
"382",2021,"goa",1559000,73.65,1046.34581105169
"383",2021,"lakshadweep",68000,96.78,1062.5
"384",2021,"puducherry",1571000,69.88,960.714285714286
"385",2021,"andaman_&_nicobar_islands",4e+05,NA,1150
"386",2022,"india",1373761000,34.85,1076.42837008608
"387",2022,"himachal_pradesh",7431000,10.28,1170.45454545455
"388",2022,"punjab",30535000,41.46,1142.85714285714
"389",2022,"haryana",29846000,41.51,1145.47973675095
"390",2022,"nct_of_delhi",20965000,99.47,1152.01238390093
"391",2022,"rajasthan",80153000,26.47,1094.15712593762
"392",2022,"uttar_pradesh",233297000,23.88,1118.55513307985
"393",2022,"bihar",124919000,12.2,1117.25479299805
"394",2022,"assam",35378000,15.44,1057.25047080979
"395",2022,"west_bengal",98604000,36.37,1059.32008728609
"396",2022,"jharkhand",38969000,26,1098.79867439934
"397",2022,"odisha",44162000,18.69,1073.07885484681
"398",2022,"chhattisgarh",29836000,26.8,1046.0593654043
"399",2022,"madhya_pradesh",85548000,28.88,1089.37933367157
"400",2022,"gujarat",70648000,48.24,1136.35508745533
"401",2022,"maharashtra",125411000,48.26,1107.38909394805
"402",2022,"andhra_pradesh",52972000,35.87,1013.13837677474
"403",2022,"karnataka",67268000,43.93,1038.35276264055
"404",2022,"kerala",35633000,73.19,916.587050782685
"405",2022,"tamil_nadu",76631000,53.24,1000
"406",2022,"chandigarh",1219000,99.88,1214.54545454545
"407",2022,"uttarakhand",11518000,35.42,1131.66144200627
"408",2022,"sikkim",683000,47.01,1098.03921568627
"409",2022,"arunachal_pradesh",1548000,25.39,1124.32432432432
"410",2022,"nagaland",2213000,44.38,1102.78372591006
"411",2022,"manipur",3194000,32.15,975
"412",2022,"mizoram",1227000,54.76,1000
"413",2022,"tripura",4109000,38.09,1027.20207253886
"414",2022,"meghalaya",3318000,20.61,1000
"415",2022,"daman_&_diu",516000,94.7,2517.98561151079
"416",2022,"dadra_&_nagar_haveli",654000,68.53,1461.53846153846
"417",2022,"goa",1567000,74.74,1047.2027972028
"418",2022,"lakshadweep",68000,97.87,1030.30303030303
"419",2022,"puducherry",1608000,70.07,960
"420",2022,"andaman_&_nicobar_islands",402000,NA,1134.14634146341
"421",2023,"india",1386180000,35.19,1076.42306186041
"422",2023,"himachal_pradesh",7468000,10.31,1175.14124293785
"423",2023,"punjab",30730000,41.82,1142.88096032011
"424",2023,"haryana",30209000,42.1,1145.60485911928
"425",2023,"nct_of_delhi",21359000,99.57,1151.99352357822
"426",2023,"rajasthan",81025000,26.61,1093.99883472519
"427",2023,"uttar_pradesh",235687000,24.03,1118.56036514647
"428",2023,"bihar",126756000,12.28,1117.39899333424
"429",2023,"assam",35713000,15.56,1057.38615327656
"430",2023,"west_bengal",99084000,36.79,1059.26553672316
"431",2023,"jharkhand",39466000,26.18,1098.94351889476
"432",2023,"odisha",44291000,18.88,1072.8624535316
"433",2023,"chhattisgarh",30180000,27.12,1046.25
"434",2023,"madhya_pradesh",86579000,28.99,1089.39570501082
"435",2023,"gujarat",71507000,48.73,1136.34970265465
"436",2023,"maharashtra",126385000,48.53,1107.4079164376
"437",2023,"andhra_pradesh",53156000,36.47,1013.18795430945
"438",2023,"karnataka",67692000,44.41,1038.44849799959
"439",2023,"kerala",35776000,75.32,916.571834992888
"440",2023,"tamil_nadu",76860000,53.68,1000
"441",2023,"chandigarh",1231000,99.89,1216.21621621622
"442",2023,"uttarakhand",11637000,35.9,1131.12244897959
"443",2023,"sikkim",689000,49.05,1099.37888198758
"444",2023,"arunachal_pradesh",1562000,25.61,1127.65957446809
"445",2023,"nagaland",2233000,45.81,1100.6160164271
"446",2023,"manipur",3223000,32.42,975.425330812854
"447",2023,"mizoram",1238000,54.99,1002.94117647059
"448",2023,"tripura",4147000,39.19,1028.71410736579
"449",2023,"meghalaya",3349000,20.64,997.109826589595
"450",2023,"daman_&_diu",564000,95.46,2659.86394557823
"451",2023,"dadra_&_nagar_haveli",699000,69.79,1464.64646464646
"452",2023,"goa",1575000,75.82,1044.52054794521
"453",2023,"lakshadweep",69000,98.95,1060.60606060606
"454",2023,"puducherry",1646000,70.19,960.950764006791
"455",2023,"andaman_&_nicobar_islands",403000,NA,1144.57831325301
"456",2024,"india",1398598000,35.52,1076.42638626523
"457",2024,"himachal_pradesh",7505000,10.34,1173.66946778711
"458",2024,"punjab",30926000,42.19,1142.7163737888
"459",2024,"haryana",30573000,42.68,1145.3469253535
"460",2024,"nct_of_delhi",21752000,99.66,1152.0897448625
"461",2024,"rajasthan",81897000,26.76,1094.03669724771
"462",2024,"uttar_pradesh",238078000,24.17,1118.58915356577
"463",2024,"bihar",128592000,12.36,1117.23954169997
"464",2024,"assam",36047000,15.68,1057.13245997089
"465",2024,"west_bengal",99563000,37.21,1059.31732265955
"466",2024,"jharkhand",39963000,26.35,1098.86386286625
"467",2024,"odisha",44420000,19.07,1073.15879618302
"468",2024,"chhattisgarh",30524000,27.44,1046.17639872954
"469",2024,"madhya_pradesh",87610000,29.1,1089.40424485782
"470",2024,"gujarat",72367000,49.22,1136.32001919156
"471",2024,"maharashtra",127360000,48.8,1107.41531888923
"472",2024,"andhra_pradesh",53340000,37.08,1013.2328990228
"473",2024,"karnataka",68115000,44.89,1038.4
"474",2024,"kerala",35920000,77.4,916.586240176479
"475",2024,"tamil_nadu",77089000,54.13,1000
"476",2024,"chandigarh",1243000,100,1215.6862745098
"477",2024,"uttarakhand",11755000,36.36,1131.67082294264
"478",2024,"sikkim",695000,51.05,1100.59171597633
"479",2024,"arunachal_pradesh",1576000,25.89,1125
"480",2024,"nagaland",2253000,47.26,1100.59171597633
"481",2024,"manipur",3253000,32.68,975.836431226766
"482",2024,"mizoram",1250000,55.22,1000
"483",2024,"tripura",4184000,40.32,1027.64423076923
"484",2024,"meghalaya",3379000,20.69,997.142857142857
"485",2024,"daman_&_diu",611000,96.11,2787.09677419355
"486",2024,"dadra_&_nagar_haveli",745000,71.04,1471.96261682243
"487",2024,"goa",1583000,76.83,1047.13804713805
"488",2024,"lakshadweep",69000,100,1029.41176470588
"489",2024,"puducherry",1683000,70.36,960.264900662252
"490",2024,"andaman_&_nicobar_islands",404000,NA,1142.85714285714
"491",2025,"india",1411016000,35.86,1076.42935701505
"492",2025,"himachal_pradesh",7542000,10.35,1169.44444444444
"493",2025,"punjab",31122000,42.55,1142.88025889968
"494",2025,"haryana",30936000,43.26,1145.55947419045
"495",2025,"nct_of_delhi",22146000,99.73,1152.09977589399
"496",2025,"rajasthan",82770000,26.9,1094.06452826639
"497",2025,"uttar_pradesh",240468000,24.31,1118.60414552834
"498",2025,"bihar",130429000,12.44,1117.34760475134
"499",2025,"assam",36382000,15.8,1057.24508050089
"500",2025,"west_bengal",100042000,37.63,1059.30302532961
"501",2025,"jharkhand",40461000,26.52,1098.9827856025
"502",2025,"odisha",44548000,19.27,1072.92924414393
"503",2025,"chhattisgarh",30867000,27.76,1045.8452722063
"504",2025,"madhya_pradesh",88641000,29.21,1089.40530944888
"505",2025,"gujarat",73227000,49.71,1136.32629107981
"506",2025,"maharashtra",128334000,49.07,1107.44880203453
"507",2025,"andhra_pradesh",53524000,37.69,1013.17233809001
"508",2025,"karnataka",68538000,45.37,1038.41363487381
"509",2025,"kerala",36063000,79.42,916.622055674518
"510",2025,"tamil_nadu",77317000,54.57,1000
"511",2025,"chandigarh",1255000,100,1217.31448763251
"512",2025,"uttarakhand",11874000,36.83,1131.09161793372
"513",2025,"sikkim",702000,53.16,1095.50561797753
"514",2025,"arunachal_pradesh",1590000,26.1,1128.20512820513
"515",2025,"nagaland",2274000,48.69,1100.56925996205
"516",2025,"manipur",3282000,32.97,974.452554744526
"517",2025,"mizoram",1261000,55.52,1000
"518",2025,"tripura",4222000,41.45,1027.80996523754
"519",2025,"meghalaya",3410000,20.74,997.175141242938
"520",2025,"daman_&_diu",658000,96.66,2901.84049079755
"521",2025,"dadra_&_nagar_haveli",790000,72.26,1461.20689655172
"522",2025,"goa",1591000,77.89,1044.55445544554
"523",2025,"lakshadweep",69000,99.63,1029.41176470588
"524",2025,"puducherry",1720000,70.47,961.165048543689
"525",2025,"andaman_&_nicobar_islands",405000,NA,1152.94117647059
"526",2026,"india",1423435000,36.19,1076.42765308302
"527",2026,"himachal_pradesh",7579000,10.38,1174.03314917127
"528",2026,"punjab",31318000,42.92,1143.01658163265
"529",2026,"haryana",31299000,43.84,1145.55972482802
"530",2026,"nct_of_delhi",22540000,99.8,1152.01377594949
"531",2026,"rajasthan",83642000,27.04,1094.17538660987
"532",2026,"uttar_pradesh",242859000,24.46,1118.56607811664
"533",2026,"bihar",132265000,12.52,1117.42133537989
"534",2026,"assam",36717000,15.93,1056.98206120295
"535",2026,"west_bengal",100522000,38.05,1059.27959941851
"536",2026,"jharkhand",40958000,26.69,1099.07834101382
"537",2026,"odisha",44677000,19.46,1072.94398092968
"538",2026,"chhattisgarh",31211000,28.08,1045.99579733831
"539",2026,"madhya_pradesh",89673000,29.32,1089.31977113795
"540",2026,"gujarat",74086000,50.2,1136.36624734333
"541",2026,"maharashtra",129308000,49.35,1107.43774357619
"542",2026,"andhra_pradesh",53709000,38.3,1013.2106859771
"543",2026,"karnataka",68962000,45.85,1038.42186694172
"544",2026,"kerala",36207000,81.38,916.547417718226
"545",2026,"tamil_nadu",77546000,55.02,1000
"546",2026,"chandigarh",1267000,100,1215.03496503496
"547",2026,"uttarakhand",11993000,37.3,1131.01476893759
"548",2026,"sikkim",708000,55.23,1090.90909090909
"549",2026,"arunachal_pradesh",1604000,26.3,1120.60301507538
"550",2026,"nagaland",2294000,50.13,1102.37659963437
"551",2026,"manipur",3311000,33.22,974.865350089767
"552",2026,"mizoram",1272000,55.73,1002.82485875706
"553",2026,"tripura",4260000,42.56,1027.96420581655
"554",2026,"meghalaya",3440000,20.78,997.206703910614
"555",2026,"daman_&_diu",705000,97.28,3011.69590643275
"556",2026,"dadra_&_nagar_haveli",836000,73.35,1461.84738955823
"557",2026,"goa",1599000,78.94,1045.38087520259
"558",2026,"lakshadweep",70000,100,1058.82352941176
"559",2026,"puducherry",1757000,70.63,960.505529225908
"560",2026,"andaman_&_nicobar_islands",406000,NA,1137.93103448276
"561",2027,"india",1433852000,36.53,1076.4284496668
"562",2027,"himachal_pradesh",7606000,10.4,1173.07692307692
"563",2027,"punjab",31472000,43.28,1142.83467044203
"564",2027,"haryana",31629000,44.42,1145.51839975569
"565",2027,"nct_of_delhi",22942000,99.86,1152.07589705054
"566",2027,"rajasthan",84353000,27.18,1094.08111070515
"567",2027,"uttar_pradesh",244680000,24.6,1118.58500527983
"568",2027,"bihar",134020000,12.59,1117.42566804667
"569",2027,"assam",37012000,16.05,1056.78670360111
"570",2027,"west_bengal",100851000,38.47,1059.28245409192
"571",2027,"jharkhand",41408000,26.86,1098.88658237403
"572",2027,"odisha",44743000,19.66,1073.06151308037
"573",2027,"chhattisgarh",31512000,28.4,1046.1925451635
"574",2027,"madhya_pradesh",90549000,29.43,1089.3053159793
"575",2027,"gujarat",74855000,50.69,1136.31756756757
"576",2027,"maharashtra",130137000,49.62,1107.44125326371
"577",2027,"andhra_pradesh",53802000,38.93,1013.16927809286
"578",2027,"karnataka",69300000,46.33,1038.47130523108
"579",2027,"kerala",36304000,83.27,916.571573475339
"580",2027,"tamil_nadu",77653000,55.48,1000
"581",2027,"chandigarh",1277000,100,1217.01388888889
"582",2027,"uttarakhand",12099000,37.76,1131.06343283582
"583",2027,"sikkim",714000,57.17,1092.30769230769
"584",2027,"arunachal_pradesh",1617000,26.53,1123.76237623762
"585",2027,"nagaland",2312000,51.59,1100.35211267606
"586",2027,"manipur",3338000,33.5,975.265017667845
"587",2027,"mizoram",1282000,55.99,1000
"588",2027,"tripura",4294000,43.69,1028.10810810811
"589",2027,"meghalaya",3468000,20.85,997.237569060773
"590",2027,"daman_&_diu",792000,97.66,3247.25274725275
"591",2027,"dadra_&_nagar_haveli",904000,74.32,1470.58823529412
"592",2027,"goa",1606000,79.91,1046.25199362041
"593",2027,"lakshadweep",70000,100,1058.82352941176
"594",2027,"puducherry",1798000,70.75,959.938366718028
"595",2027,"andaman_&_nicobar_islands",407000,NA,1147.72727272727
"596",2028,"india",1444268000,36.87,1076.42989181727
"597",2028,"himachal_pradesh",7632000,10.43,1174.86338797814
"598",2028,"punjab",31626000,43.65,1142.81279105868
"599",2028,"haryana",31958000,45,1145.60644487543
"600",2028,"nct_of_delhi",23345000,99.91,1152.05757519838
"601",2028,"rajasthan",85064000,27.32,1094.07100378447
"602",2028,"uttar_pradesh",246500000,24.74,1118.55222480809
"603",2028,"bihar",135775000,12.67,1117.27787349249
"604",2028,"assam",37308000,16.17,1056.93828844187
"605",2028,"west_bengal",101180000,38.9,1059.27902474755
"606",2028,"jharkhand",41858000,27.03,1098.86848451122
"607",2028,"odisha",44810000,19.86,1073.15936626281
"608",2028,"chhattisgarh",31814000,28.71,1045.91265397536
"609",2028,"madhya_pradesh",91426000,29.54,1089.28433268859
"610",2028,"gujarat",75624000,51.17,1136.42135482802
"611",2028,"maharashtra",130965000,49.89,1107.43774996775
"612",2028,"andhra_pradesh",53895000,39.55,1013.22251605591
"613",2028,"karnataka",69638000,46.82,1038.38699593623
"614",2028,"kerala",36402000,85.09,916.594480881079
"615",2028,"tamil_nadu",77761000,55.93,1000
"616",2028,"chandigarh",1287000,100,1215.14629948365
"617",2028,"uttarakhand",12205000,38.24,1131.0502283105
"618",2028,"sikkim",719000,59.23,1098.52216748768
"619",2028,"arunachal_pradesh",1630000,26.75,1126.82926829268
"620",2028,"nagaland",2331000,53.03,1102.04081632653
"621",2028,"manipur",3364000,33.77,975.652173913043
"622",2028,"mizoram",1293000,56.17,1000
"623",2028,"tripura",4328000,44.83,1027.16823406479
"624",2028,"meghalaya",3495000,20.89,1000
"625",2028,"daman_&_diu",878000,97.96,3479.16666666667
"626",2028,"dadra_&_nagar_haveli",973000,75.27,1464.64646464646
"627",2028,"goa",1613000,80.93,1045.45454545455
"628",2028,"lakshadweep",70000,100,1058.82352941176
"629",2028,"puducherry",1838000,70.87,959.398496240602
"630",2028,"andaman_&_nicobar_islands",408000,NA,1146.06741573034
"631",2029,"india",1454685000,37.2,1076.4278177458
"632",2029,"himachal_pradesh",7659000,10.46,1170.73170731707
"633",2029,"punjab",31779000,44.02,1142.76960784314
"634",2029,"haryana",32287000,45.58,1145.33527696793
"635",2029,"nct_of_delhi",23747000,99.95,1152.0536766706
"636",2029,"rajasthan",85775000,27.46,1094.15007112376
"637",2029,"uttar_pradesh",248321000,24.89,1118.54645183408
"638",2029,"bihar",137531000,12.75,1117.37712836614
"639",2029,"assam",37604000,16.29,1057.42108797851
"640",2029,"west_bengal",101509000,39.33,1059.31809975757
"641",2029,"jharkhand",42309000,27.2,1098.8509939814
"642",2029,"odisha",44876000,20.06,1073.00783049286
"643",2029,"chhattisgarh",32116000,29.03,1046.08294930876
"644",2029,"madhya_pradesh",92303000,29.64,1089.25708177445
"645",2029,"gujarat",76393000,51.65,1136.32180174327
"646",2029,"maharashtra",131794000,50.16,1107.42405406267
"647",2029,"andhra_pradesh",53989000,40.18,1013.0846325167
"648",2029,"karnataka",69976000,47.31,1038.36206896552
"649",2029,"kerala",36499000,86.84,916.611235411501
"650",2029,"tamil_nadu",77868000,56.38,1000
"651",2029,"chandigarh",1298000,100,1215.01706484642
"652",2029,"uttarakhand",12312000,38.7,1131.03756708408
"653",2029,"sikkim",725000,61.25,1094.33962264151
"654",2029,"arunachal_pradesh",1643000,26.96,1119.61722488038
"655",2029,"nagaland",2349000,54.45,1100.16420361248
"656",2029,"manipur",3391000,34.03,976.027397260274
"657",2029,"mizoram",1303000,56.42,1002.72479564033
"658",2029,"tripura",4362000,45.94,1028.34008097166
"659",2029,"meghalaya",3523000,20.92,997.289972899729
"660",2029,"daman_&_diu",964000,98.2,3665.02463054187
"661",2029,"dadra_&_nagar_haveli",1041000,76.18,1462.73291925466
"662",2029,"goa",1620000,81.94,1044.68412942989
"663",2029,"lakshadweep",70000,100,1058.82352941176
"664",2029,"puducherry",1879000,70.99,958.883994126285
"665",2029,"andaman_&_nicobar_islands",409000,NA,1155.55555555556
"666",2030,"india",1465102000,37.54,1076.42645987262
"667",2030,"himachal_pradesh",7685000,10.47,1169.81132075472
"668",2030,"punjab",31933000,44.39,1142.7059712774
"669",2030,"haryana",32616000,46.16,1145.50377654268
"670",2030,"nct_of_delhi",24150000,99.98,1152.06346376682
"671",2030,"rajasthan",86487000,27.6,1094.0350877193
"672",2030,"uttar_pradesh",250142000,25.03,1118.60048049267
"673",2030,"bihar",139286000,12.83,1117.20786916331
"674",2030,"assam",37900000,16.42,1056.85950413223
"675",2030,"west_bengal",101838000,39.76,1059.35004831409
"676",2030,"jharkhand",42759000,27.37,1098.81635581062
"677",2030,"odisha",44942000,20.26,1073.08743169399
"678",2030,"chhattisgarh",32417000,29.35,1046.23655913978
"679",2030,"madhya_pradesh",93180000,29.75,1089.30590097219
"680",2030,"gujarat",77162000,52.13,1136.37812002124
"681",2030,"maharashtra",132622000,50.44,1107.40390674228
"682",2030,"andhra_pradesh",54082000,40.82,1013.13269493844
"683",2030,"karnataka",70314000,47.79,1038.39621497028
"684",2030,"kerala",36597000,88.5,916.56311024321
"685",2030,"tamil_nadu",77975000,56.84,1000
"686",2030,"chandigarh",1308000,100,1216.94915254237
"687",2030,"uttarakhand",12418000,39.17,1131.46362839614
"688",2030,"sikkim",731000,63.24,1100
"689",2030,"arunachal_pradesh",1656000,27.24,1127.35849056604
"690",2030,"nagaland",2367000,55.88,1100
"691",2030,"manipur",3417000,34.3,973.063973063973
"692",2030,"mizoram",1313000,56.67,1000
"693",2030,"tripura",4396000,47.09,1027.42409402547
"694",2030,"meghalaya",3550000,20.99,997.319034852547
"695",2030,"daman_&_diu",1051000,98.51,3859.15492957746
"696",2030,"dadra_&_nagar_haveli",1109000,76.98,1468.20809248555
"697",2030,"goa",1626000,82.88,1045.52352048558
"698",2030,"lakshadweep",70000,100,1058.82352941176
"699",2030,"puducherry",1920000,71.1,958.393113342898
"700",2030,"andaman_&_nicobar_islands",410000,NA,1141.30434782609
"701",2031,"india",1475519000,37.88,1076.42950027866
"702",2031,"himachal_pradesh",7712000,10.5,1171.581769437
"703",2031,"punjab",32087000,44.75,1142.96373675571
"704",2031,"haryana",32946000,46.73,1145.624303233
"705",2031,"nct_of_delhi",24552000,100,1152.08625525947
"706",2031,"rajasthan",87198000,27.74,1094.00155803687
"707",2031,"uttar_pradesh",251963000,25.17,1118.5704742819
"708",2031,"bihar",141041000,12.9,1117.3938336242
"709",2031,"assam",38196000,16.54,1057.31032237056
"710",2031,"west_bengal",102167000,40.2,1059.37217932003
"711",2031,"jharkhand",43209000,27.54,1098.95925207268
"712",2031,"odisha",45008000,20.46,1072.92370020257
"713",2031,"chhattisgarh",32719000,29.67,1045.94309799789
"714",2031,"madhya_pradesh",94057000,29.86,1089.34682338938
"715",2031,"gujarat",77931000,52.61,1136.41100458524
"716",2031,"maharashtra",133451000,50.71,1107.40867615459
"717",2031,"andhra_pradesh",54175000,41.46,1013.1767658659
"718",2031,"karnataka",70652000,48.28,1038.42476395363
"719",2031,"kerala",36695000,90.07,916.555523340099
"720",2031,"tamil_nadu",78082000,57.3,1000
"721",2031,"chandigarh",1318000,100,1215.12605042017
"722",2031,"uttarakhand",12524000,39.64,1130.90128755365
"723",2031,"sikkim",736000,65.2,1096.06986899563
"724",2031,"arunachal_pradesh",1669000,27.45,1120.37037037037
"725",2031,"nagaland",2386000,57.3,1099.84639016897
"726",2031,"manipur",3444000,34.56,973.46600331675
"727",2031,"mizoram",1323000,56.91,1002.65957446809
"728",2031,"tripura",4430000,48.22,1028.49002849003
"729",2031,"meghalaya",3578000,21.02,1000
"730",2031,"daman_&_diu",1137000,98.67,4008.92857142857
"731",2031,"dadra_&_nagar_haveli",1178000,77.77,1469.00269541779
"732",2031,"goa",1633000,83.81,1046.33781763827
"733",2031,"lakshadweep",71000,100,1088.23529411765
"734",2031,"puducherry",1961000,71.25,959.326788218794
"735",2031,"andaman_&_nicobar_islands",410000,NA,1150.5376344086
"736",2032,"india",1484073000,38.21,1076.42908662207
"737",2032,"himachal_pradesh",7727000,10.52,1173.79679144385
"738",2032,"punjab",32201000,45.13,1142.89927739271
"739",2032,"haryana",33250000,47.31,1145.39007092199
"740",2032,"nct_of_delhi",24960000,100,1152.09518882566
"741",2032,"rajasthan",87871000,27.88,1094.00905905478
"742",2032,"uttar_pradesh",253369000,25.32,1118.56010568032
"743",2032,"bihar",142548000,12.98,1117.29030781554
"744",2032,"assam",38437000,16.66,1056.84007707129
"745",2032,"west_bengal",102320000,40.63,1059.2867756315
"746",2032,"jharkhand",43599000,27.71,1099.04430929626
"747",2032,"odisha",45012000,20.67,1072.86096256684
"748",2032,"chhattisgarh",32991000,29.99,1046.11248966088
"749",2032,"madhya_pradesh",94806000,29.97,1089.35137520224
"750",2032,"gujarat",78608000,53.09,1136.37061684157
"751",2032,"maharashtra",134114000,50.98,1107.41585501171
"752",2032,"andhra_pradesh",54191000,42.1,1013.1474455131
"753",2032,"karnataka",70911000,48.77,1038.42980077803
"754",2032,"kerala",36746000,91.55,916.590701914312
"755",2032,"tamil_nadu",78079000,57.76,1000
"756",2032,"chandigarh",1326000,100,1217.39130434783
"757",2032,"uttarakhand",12614000,40.11,1131.42375737152
"758",2032,"sikkim",741000,67.1,1097.04641350211
"759",2032,"arunachal_pradesh",1679000,27.64,1128.44036697248
"760",2032,"nagaland",2400000,58.7,1099.85096870343
"761",2032,"manipur",3465000,34.84,975.450081833061
"762",2032,"mizoram",1331000,57.1,1000
"763",2032,"tripura",4457000,49.34,1028.59778597786
"764",2032,"meghalaya",3599000,21.09,997.368421052632
"765",2032,"daman_&_diu",1303000,98.9,4415.96638655462
"766",2032,"dadra_&_nagar_haveli",1283000,78.42,1465.6862745098
"767",2032,"goa",1639000,84.73,1045.65537555228
"768",2032,"lakshadweep",71000,100,1088.23529411765
"769",2032,"puducherry",2005000,71.36,960.27397260274
"770",2032,"andaman_&_nicobar_islands",411000,NA,1148.93617021277
"771",2033,"india",1492627000,38.55,1076.42264101926
"772",2033,"himachal_pradesh",7741000,10.55,1172.87234042553
"773",2033,"punjab",32315000,45.5,1142.98207258417
"774",2033,"haryana",33555000,47.88,1145.56623931624
"775",2033,"nct_of_delhi",25368000,100,1152.0190023753
"776",2033,"rajasthan",88544000,28.03,1094.09282700422
"777",2033,"uttar_pradesh",254774000,25.46,1118.57488080465
"778",2033,"bihar",144055000,13.06,1117.41528762805
"779",2033,"assam",38677000,16.79,1057.35107731305
"780",2033,"west_bengal",102473000,41.07,1059.29840011742
"781",2033,"jharkhand",43988000,27.88,1098.93871961657
"782",2033,"odisha",45015000,20.88,1072.78341420379
"783",2033,"chhattisgarh",33264000,30.31,1046.06331168831
"784",2033,"madhya_pradesh",95556000,30.07,1089.27662668121
"785",2033,"gujarat",79285000,53.57,1136.31105075197
"786",2033,"maharashtra",134776000,51.25,1107.41633362824
"787",2033,"andhra_pradesh",54206000,42.75,1013.11674774149
"788",2033,"karnataka",71170000,49.26,1038.37209302326
"789",2033,"kerala",36796000,92.93,916.545230355341
"790",2033,"tamil_nadu",78076000,58.23,1000
"791",2033,"chandigarh",1335000,100,1217.60797342193
"792",2033,"uttarakhand",12704000,40.58,1131.4592806945
"793",2033,"sikkim",745000,69.11,1093.49593495935
"794",2033,"arunachal_pradesh",1689000,27.89,1121.62162162162
"795",2033,"nagaland",2415000,60.13,1101.3024602026
"796",2033,"manipur",3485000,35.09,975.767366720517
"797",2033,"mizoram",1339000,57.35,1000
"798",2033,"tripura",4484000,50.47,1027.77777777778
"799",2033,"meghalaya",3621000,21.13,997.389033942559
"800",2033,"daman_&_diu",1470000,99,4750.98814229249
"801",2033,"dadra_&_nagar_haveli",1388000,79.05,1465.16853932584
"802",2033,"goa",1645000,85.65,1044.99274310595
"803",2033,"lakshadweep",71000,100,1088.23529411765
"804",2033,"puducherry",2050000,71.47,958.55614973262
"805",2033,"andaman_&_nicobar_islands",412000,NA,1135.41666666667
"806",2034,"india",1501181000,38.89,1076.42492113901
"807",2034,"himachal_pradesh",7756000,10.57,1175.06631299735
"808",2034,"punjab",32430000,45.87,1142.73368860723
"809",2034,"haryana",33860000,48.45,1145.41650320387
"810",2034,"nct_of_delhi",25775000,100,1152.04141270769
"811",2034,"rajasthan",89217000,28.17,1094.16666666667
"812",2034,"uttar_pradesh",256179000,25.61,1118.5455484871
"813",2034,"bihar",145562000,13.13,1117.39949053051
"814",2034,"assam",38918000,16.91,1056.875
"815",2034,"west_bengal",102625000,41.52,1059.3523441276
"816",2034,"jharkhand",44377000,28.05,1098.81956155143
"817",2034,"odisha",45019000,21.09,1073.16007861979
"818",2034,"chhattisgarh",33536000,30.63,1046.00677155945
"819",2034,"madhya_pradesh",96305000,30.18,1089.34732604945
"820",2034,"gujarat",79962000,54.04,1136.39509590666
"821",2034,"maharashtra",135439000,51.53,1107.44051213915
"822",2034,"andhra_pradesh",54221000,43.41,1013.08587068081
"823",2034,"karnataka",71429000,49.76,1038.42844852309
"824",2034,"kerala",36847000,94.21,916.57464664311
"825",2034,"tamil_nadu",78073000,58.69,1000
"826",2034,"chandigarh",1343000,100,1216.17161716172
"827",2034,"uttarakhand",12794000,41.06,1131.03448275862
"828",2034,"sikkim",750000,70.96,1094.48818897638
"829",2034,"arunachal_pradesh",1699000,28.14,1124.44444444444
"830",2034,"nagaland",2429000,61.54,1102.67229254571
"831",2034,"manipur",3506000,35.36,974.522292993631
"832",2034,"mizoram",1347000,57.6,1000
"833",2034,"tripura",4511000,51.61,1027.87456445993
"834",2034,"meghalaya",3643000,21.17,997.40932642487
"835",2034,"daman_&_diu",1636000,99.14,5074.9063670412
"836",2034,"dadra_&_nagar_haveli",1493000,79.65,1466.80497925311
"837",2034,"goa",1651000,86.55,1047.27793696275
"838",2034,"lakshadweep",71000,100,1088.23529411765
"839",2034,"puducherry",2094000,71.62,960.78431372549
"840",2034,"andaman_&_nicobar_islands",412000,NA,1144.32989690722
"841",2035,"india",1509734000,39.24,1076.42477057145
"842",2035,"himachal_pradesh",7770000,10.6,1174.14248021108
"843",2035,"punjab",32544000,46.25,1142.79612756264
"844",2035,"haryana",34164000,49.02,1145.52908019472
"845",2035,"nct_of_delhi",26183000,100,1152.1453230314
"846",2035,"rajasthan",89890000,28.31,1094.05859117841
"847",2035,"uttar_pradesh",257585000,25.75,1118.54122756595
"848",2035,"bihar",147069000,13.21,1117.37140366173
"849",2035,"assam",39158000,17.04,1057.35430157262
"850",2035,"west_bengal",102778000,41.97,1059.3487394958
"851",2035,"jharkhand",44766000,28.21,1099.05268406182
"852",2035,"odisha",45022000,21.3,1072.84911370514
"853",2035,"chhattisgarh",33809000,30.95,1045.94330400782
"854",2035,"madhya_pradesh",97055000,30.29,1089.2616018762
"855",2035,"gujarat",80639000,54.52,1136.40781417047
"856",2035,"maharashtra",136101000,51.8,1107.39478718317
"857",2035,"andhra_pradesh",54236000,44.07,1013.22327971027
"858",2035,"karnataka",71689000,50.25,1038.47894975102
"859",2035,"kerala",36898000,95.38,916.566822786189
"860",2035,"tamil_nadu",78070000,59.16,1000
"861",2035,"chandigarh",1351000,100,1214.75409836066
"862",2035,"uttarakhand",12884000,41.52,1131.47410358566
"863",2035,"sikkim",754000,72.8,1095.41984732824
"864",2035,"arunachal_pradesh",1709000,28.38,1127.19298245614
"865",2035,"nagaland",2444000,62.94,1101.09289617486
"866",2035,"manipur",3527000,35.64,973.31240188383
"867",2035,"mizoram",1355000,57.85,1000
"868",2035,"tripura",4538000,52.76,1027.09568162574
"869",2035,"meghalaya",3664000,21.23,1000
"870",2035,"daman_&_diu",1802000,99.26,5343.97163120567
"871",2035,"dadra_&_nagar_haveli",1598000,80.18,1468.20809248555
"872",2035,"goa",1657000,87.4,1045.19774011299
"873",2035,"lakshadweep",71000,100,1088.23529411765
"874",2035,"puducherry",2139000,71.72,959.131545338442
"875",2035,"andaman_&_nicobar_islands",413000,NA,1142.85714285714
"876",2036,"india",1518288000,39.58,1076.4260118663
"877",2036,"himachal_pradesh",7785000,10.62,1170.60367454068
"878",2036,"punjab",32658000,46.63,1142.83703912187
"879",2036,"haryana",34469000,49.59,1145.60060248525
"880",2036,"nct_of_delhi",26591000,100,1152.07186791842
"881",2036,"rajasthan",90563000,28.45,1094.0344603381
"882",2036,"uttar_pradesh",258990000,25.9,1118.59267915232
"883",2036,"bihar",148576000,13.29,1117.22436722437
"884",2036,"assam",39399000,17.16,1057.19501064801
"885",2036,"west_bengal",102931000,42.41,1059.33962264151
"886",2036,"jharkhand",45155000,28.38,1098.91909597118
"887",2036,"odisha",45025000,21.51,1072.97239460732
"888",2036,"chhattisgarh",34081000,31.28,1046.06525911708
"889",2036,"madhya_pradesh",97804000,30.4,1089.39489774404
"890",2036,"gujarat",81316000,54.99,1136.4005542019
"891",2036,"maharashtra",136764000,52.08,1107.43557120454
"892",2036,"andhra_pradesh",54252000,44.74,1013.10442066849
"893",2036,"karnataka",71948000,50.75,1038.4679805706
"894",2036,"kerala",36949000,96.43,916.621839698763
"895",2036,"tamil_nadu",78067000,59.63,1000
"896",2036,"chandigarh",1360000,100,1214.98371335505
"897",2036,"uttarakhand",12974000,42,1131.01290574892
"898",2036,"sikkim",759000,74.61,1096.2962962963
"899",2036,"arunachal_pradesh",1719000,28.56,1125.54112554113
"900",2036,"nagaland",2458000,64.32,1102.39361702128
"901",2036,"manipur",3548000,35.91,975.193798449612
"902",2036,"mizoram",1363000,58.02,1002.53164556962
"903",2036,"tripura",4565000,53.89,1028.0296784831
"904",2036,"meghalaya",3686000,21.27,1000
"905",2036,"daman_&_diu",1969000,99.31,5604.72972972973
"906",2036,"dadra_&_nagar_haveli",1703000,80.7,1466.78635547576
"907",2036,"goa",1663000,88.23,1046.02510460251
"908",2036,"lakshadweep",71000,100,1088.23529411765
"909",2036,"puducherry",2184000,71.81,960
"910",2036,"andaman_&_nicobar_islands",413000,NA,1151.51515151515
